user,label,num_classes,duration,order,size,accuracy,bal_acc,precision,recall,f1_score_macro,f1_score_micro
1,attention,5,6.213582992553711,3,85991,0.33392433926330983,0.33637282581950323,0.317130134245285,0.3049107183599916,0.2714160323143794,0.33392433926330983
1,interest,5,6.1385817527771,3,85991,0.22321092318896785,0.18168464286531136,0.19068415143991735,0.12155988328424376,0.11618686698482839,0.22321092318896785
1,effort,5,6.400830030441284,3,85991,0.25499871380237354,0.20190901744309775,0.13586661134817243,0.1615272139544782,0.1344328411709732,0.25499871380237354
2,attention,4,7.215346336364746,3,155966,0.22539124026713334,0.22149020610657305,0.2471026700565385,0.2115473058820124,0.19255923678994827,0.22539124026713334
2,interest,5,9.68194842338562,3,155966,0.3519600873826235,0.34328288320515804,0.266556853184088,0.2548456371763435,0.21912859246659694,0.3519600873826235
2,effort,5,10.126039266586304,3,155966,0.18698784044519165,0.16881924639342943,0.14832554243380514,0.16613318353748516,0.12373203016180807,0.18698784044519165
3,attention,5,9.252575159072876,3,145361,0.3442605686380481,0.257819471071086,0.23441249043243434,0.2353617559444654,0.21535723260428252,0.3442605686380481
3,interest,5,9.316288232803345,3,145361,0.33207041663660986,0.3188835969460265,0.3024938190991248,0.2938413194766782,0.270658521942888,0.33207041663660986
3,effort,5,9.302201509475708,3,145361,0.2366488608132192,0.2144135292400954,0.2420428775474867,0.2144135292400954,0.19806760138436746,0.2366488608132192
6,attention,3,6.392259120941162,3,171763,0.41846308618665146,0.3392159148333984,0.3590636836759568,0.3392159148333984,0.3134347252765543,0.41846308618665146
6,interest,3,6.368642807006836,3,171763,0.4964842283349963,0.5019822410302214,0.5105921614158919,0.5019822410302214,0.45965598073958425,0.4964842283349963
6,effort,5,10.899821043014526,3,171763,0.24167608685142028,0.2437897973235846,0.20761700661668536,0.19346904777949944,0.1480449917919307,0.24167608685142028
7,attention,4,8.065743684768677,3,174558,0.3953469038576928,0.34273129735394375,0.23283776976983056,0.2432238161012179,0.22188942836388637,0.3953469038576928
7,interest,4,7.900308609008789,3,174558,0.4962158417698886,0.3980271371395306,0.2868401586272228,0.293320896032489,0.2611385217927496,0.4962158417698886
7,effort,4,9.077970266342163,3,174558,0.4054837405953916,0.3485325164207043,0.29038165212425254,0.2627170386303443,0.2172881339379679,0.4054837405953916
8,attention,5,13.58033537864685,3,222319,0.28291139971739365,0.1986294754974422,0.1691637815003616,0.15849111570338287,0.14111325369963396,0.28291139971739365
8,interest,5,13.761931419372559,3,222319,0.26834336449960183,0.2591597729553219,0.19256008487296228,0.20308616266717294,0.17450409042508114,0.26834336449960183
8,effort,5,13.649093627929688,3,222319,0.2083350789289576,0.20740380161166055,0.19239061791677553,0.19781245495666613,0.17729748988338773,0.2083350789289576
9,attention,5,14.899661779403687,3,251940,0.24452300803083854,0.198508353919952,0.17360325570551635,0.18134219563144532,0.16359724038589402,0.24452300803083854
9,interest,5,15.110429048538208,3,251940,0.20996918719373214,0.16795917810786576,0.15260305360801174,0.15109615318902692,0.13285767587835803,0.20996918719373214
9,effort,5,15.187922716140747,3,251940,0.3863282135261425,0.275282118245012,0.1836299822877879,0.2275408021321354,0.18469653231111463,0.3863282135261425
10,attention,4,3.1339573860168457,3,35673,0.1402108419017522,0.20879971470670228,0.2606767650408061,0.13298802990566258,0.10650723975512263,0.1402108419017522
10,interest,4,3.070044755935669,3,35673,0.1196656871498227,0.1255472855018654,0.2841558129982852,0.08168206598476102,0.0890117234930233,0.1196656871498227
10,effort,4,3.065983772277832,3,35673,0.2850361342043006,0.3101711196092613,0.3076145295507657,0.2101027231167362,0.18638518431667978,0.2850361342043006
11,attention,5,6.318572759628296,3,82768,0.07234150158232677,0.06101880891055069,0.0743309546275818,0.04209972392367165,0.04476397817606,0.07234150158232677
11,interest,5,6.361011981964111,3,82768,0.1293043910038019,0.14735500720568762,0.12092436515428054,0.10478750243612048,0.08430307200760406,0.1293043910038019
11,effort,5,6.217334747314453,3,82768,0.2950945785391283,0.2914262976476196,0.20593453936552097,0.20974078328704038,0.1770673016174848,0.2950945785391283
12,attention,2,0.6228582859039307,3,11120,0.4032853533951136,0.35985730511901154,0.4014333598017811,0.3390399360257804,0.3263862080657981,0.4032853533951136
12,interest,4,1.974928379058838,3,11120,0.38013880376028797,0.3309927899543187,0.24412869442348248,0.14308796890049108,0.1469891044788994,0.38013880376028797
12,effort,4,1.9295120239257812,3,11120,0.2038835061441266,0.26333243899704784,0.3916378266632464,0.19526006339297167,0.15470713126719138,0.2038835061441266
17,attention,3,4.346548318862915,3,107552,0.5276876525241901,0.4600293227832196,0.48906293491875213,0.4600293227832196,0.43765081525020183,0.5276876525241901
17,interest,3,4.375307321548462,3,107552,0.5353985704814083,0.4669285762471739,0.4651678760018223,0.43108402982717486,0.4028180179873173,0.5353985704814083
17,effort,3,4.58886456489563,3,107552,0.564026295616092,0.4592144352732429,0.3384063901389094,0.34609188715060873,0.31277603104413626,0.564026295616092
18,attention,5,11.171452760696411,3,177374,0.18950957680823513,0.15114785230828415,0.18941133160165288,0.11051124695300371,0.10237418560314426,0.18950957680823513
18,interest,5,10.619324445724487,3,177374,0.2537942502851454,0.19640531661409044,0.14803574174650858,0.13464336109864553,0.130419506310876,0.2537942502851454
18,effort,3,6.701823949813843,3,177374,0.4038936325212402,0.3280079077827659,0.32075796479707397,0.2829704040960716,0.24037009904187384,0.4038936325212402
19,attention,4,3.4284515380859375,3,48850,0.5265693647809245,0.4155304120133014,0.2999425001731882,0.2830307177715679,0.2291887456982205,0.5265693647809245
19,interest,5,4.300208568572998,3,48850,0.4991003190422765,0.3701213515977816,0.2839047293832235,0.2390208025290265,0.21903561853500353,0.4991003190422765
19,effort,3,2.823087692260742,3,48850,0.5187612366294154,0.49455692574688703,0.4052521520790079,0.46409915732693907,0.35812184247642975,0.5187612366294154
20,attention,5,9.049357652664185,3,142794,0.31991307933573,0.22079165894146904,0.19083708441761943,0.1766333271531752,0.17336920249812576,0.31991307933573
20,interest,5,8.909237623214722,3,142794,0.30307731519601966,0.26589260831994943,0.2625639458258028,0.1956546357808092,0.18760800908096115,0.30307731519601966
20,effort,5,8.968668937683105,3,142794,0.17211446840938685,0.15992904907029426,0.1616762737747859,0.15551724639962478,0.1354280927609363,0.17211446840938685
22,attention,4,7.122748613357544,3,138960,0.33243236571335105,0.2675177172828655,0.21357305902557208,0.22579013578610221,0.20242965887874814,0.33243236571335105
22,interest,5,8.353793144226074,3,138960,0.3307609120357002,0.23447591841266963,0.22250544057916272,0.21459789312252134,0.17070421704089053,0.3307609120357002
22,effort,4,6.548619985580444,3,138960,0.26959126532721145,0.23846782080157786,0.1582204428685007,0.1731566138675581,0.153605667665141,0.26959126532721145
23,attention,5,14.617721557617188,3,236532,0.2667164145529529,0.2470774094993491,0.2020903637950547,0.19532231169145248,0.17862945091346236,0.2667164145529529
23,interest,5,14.647057056427002,3,236532,0.2009786971991236,0.18573654800507328,0.11483298876571635,0.1408156465044604,0.10622874700388443,0.2009786971991236
23,effort,5,13.70405650138855,3,236532,0.409388492265112,0.32549446379385344,0.26270566001557494,0.26888543601409776,0.2313144438952684,0.409388492265112
24,attention,5,6.8704917430877686,3,109652,0.4020621516787607,0.27317663279735926,0.20672239489782998,0.1817424184913848,0.17976378066121662,0.4020621516787607
24,interest,5,7.418575286865234,3,109652,0.25046500398170213,0.24836601535910496,0.1913966958731371,0.20895061020715477,0.15773321253270836,0.25046500398170213
24,effort,5,6.906250238418579,3,109652,0.3032997600769434,0.2992558263418267,0.19451881861957418,0.21381470969581948,0.17773592666086244,0.3032997600769434
25,attention,4,13.012592315673828,3,261336,0.292258907622786,0.2860686671164153,0.27921744100640755,0.23071514573502272,0.17976425404707058,0.292258907622786
25,interest,5,15.766683101654053,3,261336,0.29808019317459367,0.22786891820772887,0.21329338206875312,0.16180583086531436,0.13452971753236412,0.29808019317459367
25,effort,4,12.887033700942993,3,261336,0.4901514380686788,0.3467970608727482,0.23805591272996224,0.23096640977589775,0.20766099094461818,0.4901514380686788
1,attention,5,6.19991135597229,4,85991,0.32422489792874976,0.32797011040215673,0.28207166410635054,0.29041143214198983,0.24513801033893245,0.3242248979287497
1,interest,5,6.016001462936401,4,85991,0.28839914410150136,0.2303328374230869,0.1928758729718802,0.1652141301637995,0.1529052132090065,0.28839914410150136
1,effort,5,6.529120922088623,4,85991,0.27088346879669173,0.2219066746434053,0.1654735794703911,0.17752533971472423,0.1561930330022296,0.27088346879669173
2,attention,4,7.081077337265015,4,155966,0.28498281378718326,0.2805696795746646,0.3174773716678748,0.26611935265368086,0.24771125450583548,0.28498281378718326
2,interest,5,9.477635383605957,4,155966,0.2795135952020656,0.2654163734311387,0.18133041695268695,0.18538290502889335,0.16545406935180904,0.2795135952020656
2,effort,5,10.15175986289978,4,155966,0.21583425304134313,0.20114411929748557,0.1649667086248074,0.19779882252372288,0.1509110237607138,0.21583425304134313
3,attention,5,9.201561689376831,4,145361,0.33763806472774693,0.24747912734505267,0.22983564143804008,0.22428509271327646,0.20924312469272194,0.3376380647277469
3,interest,5,9.371047019958496,4,145361,0.3233399933424842,0.32037449741047713,0.2981552833501461,0.28130764631915656,0.2542043390294256,0.3233399933424842
3,effort,5,9.227099895477295,4,145361,0.1770522990983498,0.17300474990486245,0.1876559407509347,0.17300474990486245,0.1491741999485671,0.1770522990983498
6,attention,3,6.323834657669067,4,171763,0.4195349406760574,0.3485577555732039,0.35221176211780436,0.3485577555732039,0.3186168815381923,0.4195349406760574
6,interest,3,6.381046533584595,4,171763,0.41557614189318937,0.4351006559135625,0.47097668570201157,0.4351006559135625,0.38803814155443533,0.41557614189318937
6,effort,5,10.628430128097534,4,171763,0.2229647235880691,0.2482153774153057,0.2593390768108561,0.20068393653247635,0.14745314648903246,0.2229647235880691
7,attention,4,8.260228395462036,4,174558,0.3903667846545663,0.360034209955159,0.24309545801558805,0.24308868954565094,0.21376336716070124,0.3903667846545663
7,interest,4,8.13651990890503,4,174558,0.5012974596159065,0.39252199713522345,0.30082031739397275,0.3053835550441333,0.27088304351507675,0.5012974596159065
7,effort,4,8.954078197479248,4,174558,0.40721230359460064,0.3572167169475259,0.31252113578664503,0.26861298292446645,0.22187002881011733,0.40721230359460064
8,attention,5,13.702930927276611,4,222319,0.22049854223294352,0.1548279265141878,0.12869435815738603,0.12448369317578203,0.1064051349647068,0.22049854223294352
8,interest,5,13.639269590377808,4,222319,0.23992116411935252,0.23245966746117946,0.2186048214359093,0.18218138143026485,0.1593886142903185,0.23992116411935252
8,effort,5,13.572710752487183,4,222319,0.2196146465574354,0.20533659746731786,0.22068081574264237,0.19425964282848204,0.18344113893967393,0.21961464655743534
9,attention,5,14.850804090499878,4,251940,0.27520500054217867,0.21298661887729353,0.19970040545947235,0.19586536529100237,0.1872691592481494,0.27520500054217867
9,interest,5,15.066653728485107,4,251940,0.2413117372281067,0.19556752307455758,0.21086249132053644,0.17793450084107007,0.16311262463358137,0.2413117372281067
9,effort,5,14.931119680404663,4,251940,0.3439586759488547,0.21895421969514298,0.1694776338389824,0.18255040476591083,0.14933132794218063,0.3439586759488547
10,attention,4,3.1643853187561035,4,35673,0.16953149731402423,0.23169060141127043,0.30405944219979186,0.14605157825870174,0.12904346978440862,0.16953149731402423
10,interest,4,3.104043483734131,4,35673,0.15740860136063697,0.16330760878852535,0.33945924095454966,0.10371410978376083,0.12740377014446486,0.15740860136063697
10,effort,4,3.072946786880493,4,35673,0.26113750686022386,0.28186583990569164,0.30528411810471184,0.19307364803295926,0.1714605366791177,0.26113750686022386
11,attention,5,6.24917197227478,4,82768,0.08013035295434826,0.07028108182882907,0.07124708102663288,0.0524048587741181,0.050006279789084764,0.08013035295434826
11,interest,5,6.407212972640991,4,82768,0.13592726405697503,0.16042952664973145,0.11359234300316257,0.11029013148423288,0.0830001791973215,0.13592726405697503
11,effort,5,6.176643371582031,4,82768,0.3251034047538789,0.3079093866121957,0.20796751450241785,0.22560739949201478,0.18696326516213588,0.3251034047538789
12,attention,2,0.5977485179901123,4,11120,0.4536382161115319,0.40840692460300454,0.4206037486676018,0.38810041119304284,0.34907643663950216,0.4536382161115319
12,interest,4,2.0135276317596436,4,11120,0.3912575024285442,0.34167687543690345,0.2795149335764192,0.1551137618511131,0.17129962726688475,0.3912575024285442
12,effort,4,1.94783353805542,4,11120,0.16213176808354612,0.2258694847521725,0.37140336945883523,0.1735555866151871,0.11447983994338544,0.16213176808354612
17,attention,3,4.323554515838623,4,107552,0.49143273970194745,0.42808345951149507,0.49502085862857753,0.42808345951149507,0.4097966421842333,0.49143273970194745
17,interest,3,4.381535768508911,4,107552,0.5551545385066463,0.4621331861242153,0.469043945213713,0.42928327371272273,0.4019609246681397,0.5551545385066463
17,effort,3,4.814389944076538,4,107552,0.5860552636940344,0.47613267758197636,0.35463000463031247,0.3580828482211182,0.31904716980630676,0.5860552636940344
18,attention,5,11.253812551498413,4,177374,0.2298096190805663,0.19176039088240476,0.16455052027974681,0.1391401609377217,0.13023613775406526,0.2298096190805663
18,interest,5,10.580899477005005,4,177374,0.28220891823404637,0.23036098090665108,0.17549294342281913,0.16185709634847112,0.1519941516957455,0.28220891823404637
18,effort,3,6.694804668426514,4,177374,0.42221702207425943,0.3351203297325977,0.321924900338314,0.2856996284846414,0.24989327034685482,0.42221702207425943
19,attention,4,3.5044755935668945,4,48850,0.5275740426572775,0.4576987836899867,0.29700690744916924,0.30431913071873395,0.24023692271391733,0.5275740426572775
19,interest,5,4.440443277359009,4,48850,0.5598640928300499,0.421670934015179,0.26994397227195,0.27361327421401016,0.2400932296512041,0.5598640928300499
19,effort,3,2.759925603866577,4,48850,0.44618028789137876,0.38923294341111303,0.34236184015415083,0.3577395556848203,0.3007664485901008,0.44618028789137876
20,attention,5,9.083949327468872,4,142794,0.3376336152394047,0.23495551338948598,0.19139803453711954,0.18796441071158881,0.17567728931252496,0.3376336152394047
20,interest,5,8.851053953170776,4,142794,0.3062491484961175,0.272974430431725,0.22344998412511954,0.19614514061340385,0.19075691699457312,0.3062491484961175
20,effort,5,8.877583265304565,4,142794,0.18637966589528127,0.19457720870000497,0.18169338958367284,0.18909311978725882,0.15318280257198508,0.18637966589528127
22,attention,4,7.1395556926727295,4,138960,0.3636080095446212,0.2801168240869935,0.2611340085309247,0.234417466081146,0.20792161366514922,0.3636080095446212
22,interest,5,8.478448867797852,4,138960,0.32992914674577417,0.23801131419117727,0.1848305474168183,0.21886201815574086,0.16093605536667632,0.32992914674577417
22,effort,4,6.707550525665283,4,138960,0.3251174524568901,0.29966687107190504,0.21082380655997746,0.2131263413503433,0.18972120928777936,0.3251174524568901
23,attention,5,14.400228500366211,4,236532,0.3161396623008138,0.2736130239144539,0.2184909233284999,0.2213812171785258,0.2074387697674267,0.3161396623008138
23,interest,5,14.84329605102539,4,236532,0.24484620043746808,0.21781227147086368,0.14094786696989753,0.16549383078726576,0.12619917887889925,0.24484620043746808
23,effort,5,13.781180620193481,4,236532,0.39158314705647146,0.30199768472184296,0.2396242939397882,0.2451171310034735,0.21720457290092518,0.39158314705647146
24,attention,5,6.852212429046631,4,109652,0.39148818735741425,0.2524866740362851,0.17627925757340965,0.1702790615039884,0.16643678164396608,0.39148818735741425
24,interest,5,7.486439943313599,4,109652,0.2489013131414818,0.22838211361862798,0.20660736639768307,0.1927663258747644,0.1612464502801511,0.2489013131414818
24,effort,5,7.074780702590942,4,109652,0.3169336863305468,0.32080680632968567,0.20018948907752837,0.2285363143363282,0.18313316172315178,0.3169336863305468
25,attention,4,13.08248257637024,4,261336,0.29183222908495193,0.27239793665370726,0.2956187174790372,0.21861575421896834,0.17783351069807307,0.29183222908495193
25,interest,5,15.603046417236328,4,261336,0.2590812600583587,0.19827777047354292,0.17314969396204397,0.14174642007785762,0.10510176853302311,0.2590812600583587
25,effort,4,13.01779055595398,4,261336,0.5129504832455545,0.3634127982884504,0.30001535448713734,0.24118776931556138,0.21666616969943914,0.5129504832455545
1,attention,5,6.486609220504761,5,85991,0.31775797452221033,0.30934390254494,0.30454323232686026,0.26421184838486683,0.2418940656984579,0.31775797452221033
1,interest,5,6.326347589492798,5,85991,0.33492545647005284,0.286040221360812,0.23859817314520587,0.21827599586462076,0.1969676705393197,0.33492545647005284
1,effort,5,6.807814121246338,5,85991,0.2538500837826899,0.2248591190783012,0.20083557790153345,0.1798872952626409,0.16445733239219684,0.2538500837826899
2,attention,4,7.498013496398926,5,155966,0.32918984378371563,0.3008543934005931,0.3255278726330238,0.281596774904433,0.27711369137557196,0.32918984378371563
2,interest,5,9.595333576202393,5,155966,0.3133056922453204,0.2889589619932505,0.21280157019847828,0.21485129001650005,0.20304699832280151,0.3133056922453204
2,effort,5,11.08039116859436,5,155966,0.19237279145972125,0.14828144698917298,0.15324865366411805,0.14469790906230978,0.13281659778841085,0.19237279145972125
3,attention,5,9.586026430130005,5,145361,0.3225903210324188,0.23629121899647182,0.21178903818247724,0.21615164921122557,0.2057950075178233,0.3225903210324188
3,interest,5,9.873911142349243,5,145361,0.3083577600236945,0.2900475670649093,0.2644816290385815,0.2622708883183874,0.2304306644113065,0.3083577600236945
3,effort,5,9.754547834396362,5,145361,0.17788396151008282,0.13157025934646732,0.1364497450703405,0.13157025934646732,0.12106012731440566,0.17788396151008282
6,attention,3,6.920517683029175,5,171763,0.4283831249443919,0.3718117930607778,0.3890169704693742,0.3718117930607778,0.3352795557700393,0.4283831249443919
6,interest,3,6.870105743408203,5,171763,0.460251755254055,0.47855016891631486,0.47453083360745507,0.47855016891631486,0.43830585082515106,0.460251755254055
6,effort,5,10.849314212799072,5,171763,0.23635015746688587,0.23154151636829745,0.17953030222102934,0.19866508625730156,0.16272243610336945,0.23635015746688587
7,attention,4,7.923875331878662,5,174558,0.4043127761817621,0.34121237617089284,0.20812276712558067,0.21239616260001898,0.19706711090328258,0.4043127761817621
7,interest,4,8.435605764389038,5,174558,0.5311253676056065,0.38356237450473907,0.27534061452839176,0.26098055824664484,0.24758820578988466,0.5311253676056065
7,effort,4,9.413965225219727,5,174558,0.3817158455599476,0.32883744132421816,0.27045644603094393,0.24425501675262273,0.21875679360660252,0.3817158455599476
8,attention,5,14.246896982192993,5,222319,0.2912108451779195,0.19176092128223166,0.14870832762298208,0.1521384406275652,0.13882007841557448,0.2912108451779195
8,interest,5,15.206082344055176,5,222319,0.2927132959780196,0.27410604871137445,0.21910922147800754,0.21562190240441353,0.1946547049273785,0.2927132959780196
8,effort,5,14.847653150558472,5,222319,0.2150550266785778,0.21771264442045685,0.17989059375026573,0.19872851373467088,0.17029749774742042,0.2150550266785778
9,attention,5,15.531593322753906,5,251940,0.2257832011319115,0.17199336991681075,0.17052564366769946,0.16202028256403783,0.155672874400284,0.2257832011319115
9,interest,5,15.916890859603882,5,251940,0.16670971949566304,0.1523006682099452,0.14281802788554548,0.13956546477156806,0.1300001653441464,0.16670971949566304
9,effort,5,15.880663871765137,5,251940,0.359988314912488,0.23145679516686232,0.18110806344116973,0.1913071181163482,0.16788619028308047,0.359988314912488
10,attention,4,3.2526211738586426,5,35673,0.10125300575749747,0.1360686978491554,0.1876418842584965,0.11066225136449633,0.07580734366280131,0.10125300575749747
10,interest,4,3.182050943374634,5,35673,0.1728418929518291,0.13760658595748398,0.2487677546636343,0.0952215613526034,0.11620257120885902,0.17284189295182908
10,effort,4,3.1925854682922363,5,35673,0.24450121329893895,0.2575147018629948,0.2209852345396694,0.17217343506246321,0.16325488027631782,0.24450121329893895
11,attention,5,6.360437393188477,5,82768,0.07313143322106166,0.08138121466488824,0.1838689725377983,0.06417525401999283,0.06800005988427868,0.07313143322106166
11,interest,5,6.201571702957153,5,82768,0.12328984434239758,0.14736703029568268,0.12100694058089756,0.10401673085398473,0.09425710776695564,0.12328984434239758
11,effort,5,5.978671312332153,5,82768,0.24975422705819522,0.25752669163918396,0.2542661479401499,0.2016003559304092,0.1919588438969251,0.24975422705819522
12,attention,2,0.599724531173706,5,11120,0.5854472408894488,0.49252529963070757,0.4756108026188697,0.4520399867316015,0.4392533331990015,0.5854472408894488
12,interest,4,1.962395191192627,5,11120,0.30202057198499244,0.2674449754656714,0.2520682305312647,0.12061519319023642,0.14768434967851468,0.30202057198499244
12,effort,4,1.9124975204467773,5,11120,0.39334398915711527,0.41863015797485403,0.3202140640292079,0.2152018023139725,0.19463589663313935,0.39334398915711527
17,attention,3,4.561758041381836,5,107552,0.48764027212193595,0.45265028495943077,0.43592388752495187,0.45265028495943077,0.40831190540526674,0.48764027212193595
17,interest,3,4.543785095214844,5,107552,0.5665937725346513,0.510679108545328,0.4798976257932173,0.4817203476659806,0.4539996556117119,0.5665937725346513
17,effort,3,4.799957752227783,5,107552,0.5601592290513272,0.45511016811126526,0.42336588048530255,0.35509354998769127,0.3458850573098059,0.5601592290513272
18,attention,5,12.380001544952393,5,177374,0.20525920121574087,0.1941892757851547,0.16250688266501445,0.1431399198485791,0.11642965145446782,0.20525920121574087
18,interest,5,11.316500425338745,5,177374,0.21789777982529518,0.18768932039654793,0.14083237747911664,0.1294680098505302,0.1252346563761709,0.21789777982529518
18,effort,3,7.264904260635376,5,177374,0.44104860720928407,0.31949028681948227,0.31791142256226207,0.2716255593308831,0.2508044777418636,0.44104860720928407
19,attention,4,3.5604708194732666,5,48850,0.3740156366276251,0.27005196421524674,0.24821624048934962,0.17091345859881227,0.16455555320696522,0.3740156366276251
19,interest,5,4.331276178359985,5,48850,0.3179027167451931,0.2250014855811963,0.18322323152749545,0.14419136923059198,0.14152120151895559,0.3179027167451931
19,effort,3,2.833876609802246,5,48850,0.3666365281230651,0.29699727888515914,0.2836440198811658,0.2676532579572818,0.2486218813621753,0.3666365281230651
20,attention,5,9.641201496124268,5,142794,0.284900441575845,0.2004500894083785,0.1716270554148661,0.16036007152670276,0.15456832440938034,0.284900441575845
20,interest,5,9.69241452217102,5,142794,0.25879573310522697,0.22927416192190786,0.2358712441991416,0.17548258558324784,0.1755391820697146,0.25879573310522697
20,effort,5,9.876760482788086,5,142794,0.18213237349593797,0.1802001327893444,0.1721556022742253,0.17688330583398476,0.1454842605601287,0.18213237349593797
22,attention,4,7.539663076400757,5,138960,0.34090393165325195,0.2803468588162614,0.2588488479179215,0.23801233053834414,0.22236634316649156,0.34090393165325195
22,interest,5,8.72380805015564,5,138960,0.2964661519504917,0.1961983055330528,0.16568110852890455,0.16859408073954185,0.1531559757176681,0.2964661519504917
22,effort,4,7.223753452301025,5,138960,0.29333659433744275,0.25878574597592024,0.18442287819865788,0.21397794470493095,0.1871145524261799,0.29333659433744275
23,attention,5,13.970210552215576,5,236532,0.36426042680885834,0.30683823744897215,0.23730624190241006,0.259019743811339,0.22794401636244724,0.36426042680885834
23,interest,5,13.9439058303833,5,236532,0.26509485945299993,0.22986796332661658,0.20488586533592792,0.192580980370178,0.15925275771204853,0.26509485945299993
23,effort,5,13.751009941101074,5,236532,0.41030235465403553,0.3567378310660186,0.2779181205405118,0.30778072685997165,0.2419245867694954,0.41030235465403553
24,attention,5,7.457779407501221,5,109652,0.3880153478471694,0.3262475809008674,0.2808339871301784,0.2465527047113806,0.22236584605589008,0.3880153478471694
24,interest,5,7.876208543777466,5,109652,0.3240660314940576,0.2797028729817256,0.23702761478032192,0.2321429115650755,0.21099487929660268,0.3240660314940576
24,effort,5,7.110992193222046,5,109652,0.3119392260980509,0.2822541457599563,0.20902587170580147,0.2270642826148855,0.198268592233917,0.3119392260980509
25,attention,4,13.525688171386719,5,261336,0.27413693440350934,0.2571984624618278,0.2567050567202188,0.20567949765532045,0.15718960991480085,0.27413693440350934
25,interest,5,15.981892585754395,5,261336,0.2588619819844508,0.19428746012478637,0.16242045411498687,0.1468488777813517,0.10929173469375504,0.2588619819844508
25,effort,4,13.566678047180176,5,261336,0.5039836291169513,0.34708980064577194,0.22744915630001813,0.22660148012394582,0.2103027715809386,0.5039836291169513
1,attention,5,6.490153551101685,6,85991,0.30338570395206566,0.3043871274044363,0.22262368678855576,0.2574349215333559,0.20855171104953968,0.30338570395206566
1,interest,5,6.2489166259765625,6,85991,0.30268870636053136,0.2834546215932093,0.2150733851142516,0.1919876920466605,0.16605525043938205,0.30268870636053136
1,effort,5,6.747907876968384,6,85991,0.2115020513885689,0.1770721272973021,0.1536918540129966,0.14165770183784168,0.13821565000428226,0.2115020513885689
2,attention,4,7.478299379348755,6,155966,0.3875887272016397,0.359123843171585,0.3987448645529806,0.34379320772929967,0.3282009408245189,0.3875887272016397
2,interest,5,9.619700908660889,6,155966,0.26179161929489825,0.23911282530797315,0.17338527972897955,0.16492469994898107,0.1548405741111735,0.2617916192948983
2,effort,5,11.086721181869507,6,155966,0.17755789724029614,0.1292174703831213,0.13578309785526133,0.12525252143224103,0.1169783852381104,0.17755789724029614
3,attention,5,15.006461381912231,6,145361,0.32106629267848164,0.22614312447438595,0.2135772069490129,0.20564469373872668,0.19872826081539094,0.32106629267848164
3,interest,5,11.58163571357727,6,145361,0.3587971034060902,0.34856446943832325,0.3607104583715642,0.31096755431431183,0.28951629402413886,0.3587971034060902
3,effort,5,11.020347356796265,6,145361,0.22052006315945852,0.17959726002285445,0.23937315626170924,0.17959726002285445,0.17520226767023483,0.22052006315945852
6,attention,3,7.308370113372803,6,171763,0.41810475505155714,0.3492554057802735,0.36172028783400606,0.3492554057802735,0.31830623547562586,0.41810475505155714
6,interest,3,6.636482238769531,6,171763,0.39423299223828223,0.4090293007722998,0.4137651184728184,0.4090293007722998,0.35774803451501325,0.39423299223828223
6,effort,5,10.584932804107666,6,171763,0.19618283198477968,0.18821021350199182,0.14357207075908868,0.15316511528900073,0.11492481695420217,0.19618283198477968
7,attention,4,7.92083477973938,6,174558,0.43682997054964295,0.37402914010346755,0.23566976040103582,0.23783398420175428,0.21774578514332674,0.43682997054964295
7,interest,4,8.295138120651245,6,174558,0.458311147198315,0.3749611371284832,0.25131899695519944,0.25536053353039256,0.22076930284116583,0.458311147198315
7,effort,4,9.29696774482727,6,174558,0.4775406275288425,0.4126363153632431,0.32476661422090214,0.3084485135840428,0.27525953285014426,0.4775406275288425
8,attention,5,14.346242189407349,6,222319,0.30944849283723985,0.19961470590290198,0.18651303569532848,0.17352012946998974,0.1480728367707876,0.30944849283723974
8,interest,5,14.778907299041748,6,222319,0.2422003482961582,0.24836193065032464,0.21440899662236754,0.19635955414857828,0.15048545321949675,0.2422003482961582
8,effort,5,14.591159582138062,6,222319,0.27796983310370726,0.2263928607865741,0.2022379200293519,0.2057582220782471,0.19224614047177252,0.27796983310370726
9,attention,5,15.690134048461914,6,251940,0.23915360542737907,0.1836789128524528,0.1890137682721473,0.17052554213359644,0.16514098325089738,0.23915360542737907
9,interest,5,15.765754699707031,6,251940,0.22009472700778115,0.182393943827658,0.15655941778865623,0.16505152013617436,0.14832997441852885,0.22009472700778115
9,effort,5,15.375685691833496,6,251940,0.36798635711716987,0.2392656091609286,0.25745279421377176,0.19978919063110126,0.16366446701450635,0.3679863571171699
10,attention,4,3.209484100341797,6,35673,0.2616215979696598,0.27727041563959703,0.2674398544719844,0.18694449410516203,0.17127291514620457,0.2616215979696598
10,interest,4,3.12758207321167,6,35673,0.14402843927892428,0.1786231009960479,0.1809124430380416,0.11841638725801211,0.09673501722382645,0.14402843927892428
10,effort,4,3.1222851276397705,6,35673,0.11055283888275391,0.14262855965141957,0.1912292976654725,0.10167640953030632,0.08217926386906788,0.11055283888275391
11,attention,5,6.166446685791016,6,82768,0.11255512849297615,0.12285454368781523,0.1942984692177836,0.09417590945472808,0.09111544008929817,0.11255512849297615
11,interest,5,6.174434423446655,6,82768,0.12115236003575021,0.1604824304638081,0.16092224346693265,0.11334247659452627,0.0923607709774464,0.12115236003575021
11,effort,5,5.906247615814209,6,82768,0.2817539583599468,0.27235810964136237,0.253447057419808,0.20964063134399366,0.1838314628538105,0.2817539583599468
12,attention,2,0.5772542953491211,6,11120,0.4274923458262062,0.3819012199007355,0.3966648449865386,0.3819012199007355,0.3627691285034976,0.4274923458262062
12,interest,4,1.8432955741882324,6,11120,0.26804785494542827,0.23078860057267928,0.23526463126713765,0.12521128419936273,0.1484254511462558,0.26804785494542827
12,effort,4,1.7915196418762207,6,11120,0.16511867965032279,0.21657299519368878,0.18875477106016278,0.16060075090108855,0.10966614864356303,0.16511867965032279
17,attention,3,4.634253025054932,6,107552,0.6183499403828728,0.5733501282938539,0.6705502997732871,0.5733501282938539,0.5573889548441593,0.6183499403828728
17,interest,3,4.563344955444336,6,107552,0.5647993241599378,0.5227861959282051,0.5099785701800578,0.47229974354449233,0.45698915236147597,0.5647993241599378
17,effort,3,4.765712261199951,6,107552,0.45840786495202357,0.3633353297822247,0.318064442247861,0.2879193065335134,0.26264199857825254,0.45840786495202357
18,attention,5,12.024963617324829,6,177374,0.2191694563717741,0.1847773197903295,0.12355339613384571,0.13550367843986114,0.11454710928754605,0.2191694563717741
18,interest,5,11.240865707397461,6,177374,0.2808386864296252,0.23334716494513227,0.16136729359870827,0.18002613149163316,0.16176182516001425,0.2808386864296252
18,effort,3,7.22564959526062,6,177374,0.40789803599936414,0.3059884588211844,0.29113475483433954,0.2518981958114655,0.2407097689027186,0.40789803599936414
19,attention,4,3.5641536712646484,6,48850,0.3544065385256704,0.3225565144254045,0.251937991757755,0.21225390700484814,0.1689677622189299,0.3544065385256704
19,interest,5,4.3094801902771,6,48850,0.3270129881303824,0.3048445674830113,0.22498611189960135,0.20138061052892856,0.17173713338118426,0.3270129881303824
19,effort,3,2.956127405166626,6,48850,0.4175060111881052,0.4405241417000679,0.35191739803489036,0.4061709908334083,0.31072542551085575,0.4175060111881052
20,attention,5,9.485353469848633,6,142794,0.31530182625536585,0.2721048264766853,0.19663836821377073,0.21768386118134825,0.18651896526248288,0.31530182625536585
20,interest,5,10.974534511566162,6,142794,0.31693432759833096,0.2992859835843085,0.2087334711737295,0.21637741070556485,0.20068497317805756,0.31693432759833096
20,effort,5,9.553457260131836,6,142794,0.16798516326909838,0.15446638549439448,0.13869360183055557,0.14702625199332037,0.13318474407572628,0.16798516326909838
22,attention,4,7.394645929336548,6,138960,0.30888927654716963,0.25100750861974175,0.24734414355247586,0.21037537518283708,0.2081534660939782,0.30888927654716963
22,interest,5,8.62451982498169,6,138960,0.28229657198407637,0.17090393646228935,0.12602705712733453,0.14129057601247208,0.12324779971676136,0.28229657198407637
22,effort,4,7.041377067565918,6,138960,0.3736216664430573,0.3485656109961081,0.2583648202003216,0.25040380059971634,0.23664231977354383,0.3736216664430573
23,attention,5,13.875919818878174,6,236532,0.3797414668565574,0.3221821269407158,0.24251331133361137,0.2691167387102036,0.2365668829662088,0.37974146685655746
23,interest,5,13.855400085449219,6,236532,0.24025457074197654,0.21056599029334216,0.16573415989729287,0.17562090340970665,0.14827906816354666,0.24025457074197654
23,effort,5,13.822620153427124,6,236532,0.43107743768408824,0.3706570288421008,0.2706844685040481,0.30461311078443576,0.24314339113739597,0.43107743768408824
24,attention,5,7.054042339324951,6,109652,0.334836763477139,0.2596982350698457,0.1873154440695232,0.18581609370278937,0.1623075704854649,0.334836763477139
24,interest,5,7.473371267318726,6,109652,0.26830098866085694,0.2567211174237947,0.1942078968804641,0.2163360404324745,0.1754660945468364,0.26830098866085694
24,effort,5,6.8253397941589355,6,109652,0.25359279895083764,0.2564834863975124,0.1639837386573459,0.18620392055666568,0.15030423685791278,0.25359279895083764
25,attention,4,13.217923402786255,6,261336,0.2799607779700161,0.2726210136517754,0.3313166777409677,0.21912109541071398,0.16650163553225578,0.2799607779700161
25,interest,5,15.480115413665771,6,261336,0.2624046563244324,0.2099420615795391,0.20524454787047067,0.1509019175202229,0.11722655432943693,0.2624046563244324
25,effort,4,12.738661527633667,6,261336,0.4897887544093133,0.34076359648343285,0.20852624513486057,0.22185561898107195,0.1895817928062059,0.4897887544093133
